,City,Lat,Lng,Max Temp,Humidity,Cloudiness,Wind Speed,Country,Date,Hemi
0,Statesboro,32.4488,-81.7832,55.2,28,0,10.36,US,1642975530,north
1,Mataura,-46.1927,168.8643,57.47,50,51,1.32,NZ,1642975531,south
2,Kapaa,22.0752,-159.319,79.12,72,20,3.0,US,1642975532,north
3,Carutapera,-1.195,-46.02,76.77,92,77,6.62,BR,1642975533,south
4,Mount Gambier,-37.8333,140.7667,76.26,40,78,3.18,AU,1642975533,south
5,Esperance,-33.8667,121.9,64.24,85,85,14.43,AU,1642975533,south
6,Vieux Fort,13.7167,-60.95,78.12,73,20,17.27,LC,1642975534,north
7,Bluff,-46.6,168.3333,57.79,58,77,0.2,NZ,1642975535,south
8,Busselton,-33.65,115.3333,65.05,72,53,15.68,AU,1642975536,south
9,Terrace,54.5163,-128.6035,40.42,100,100,0.74,CA,1642975536,north
10,Khatanga,71.9667,102.5,-21.23,100,100,3.2,RU,1642975537,north
11,Punta Arenas,-53.15,-70.9167,57.31,54,75,20.71,CL,1642975538,south
12,Marawi,7.9986,124.2928,68.65,98,100,2.68,PH,1642975538,north
13,Salalah,17.0151,54.0924,63.48,29,0,13.51,OM,1642975539,north
14,East London,-33.0153,27.9116,73.24,76,0,21.18,ZA,1642975540,south
15,Portland,45.5234,-122.6762,57.06,67,31,4.0,US,1642975439,north
16,Palmer,42.1584,-72.3287,32.56,49,100,5.75,US,1642975540,north
17,Dămuc,46.8,25.9,18.64,96,94,3.83,RO,1642975541,north
18,Malinovskiy,61.1953,62.8397,0.37,98,92,2.59,RU,1642975542,north
19,Narsaq,60.9167,-46.05,23.22,71,100,11.01,GL,1642975542,north
20,Butaritari,3.0707,172.7902,81.91,80,98,18.1,KI,1642975543,north
21,Havøysund,70.9963,24.6622,41.88,81,100,44.94,NO,1642975544,north
22,Fare,-16.7,-151.0167,81.34,70,97,16.37,PF,1642975544,south
23,Hasaki,35.7333,140.8333,37.8,74,100,17.25,JP,1642975545,north
24,Torbay,47.6666,-52.7314,27.75,92,96,5.99,CA,1642975528,north
25,Albany,42.6001,-73.9662,28.47,74,100,1.9,US,1642975359,north
26,Ushuaia,-54.8,-68.3,51.46,66,75,21.85,AR,1642975430,south
27,Mezen',65.8522,44.24,13.57,93,100,12.19,RU,1642975547,north
28,Henties Bay,-22.116,14.2845,77.86,74,33,6.06,NA,1642975548,south
29,Constitución,-35.3333,-72.4167,65.84,68,0,20.31,CL,1642975548,south
30,Ponta do Sol,32.6667,-17.1,64.71,78,98,6.02,PT,1642975549,north
31,Kuminskiy,58.6667,66.5667,4.73,97,91,4.45,RU,1642975549,north
32,Kiruna,67.8557,20.2251,40.12,70,75,8.05,SE,1642975550,north
33,Ozinki,51.1786,49.6769,15.17,90,100,11.05,RU,1642975551,north
34,Grindavik,63.8424,-22.4338,28.87,93,75,17.27,IS,1642975551,north
35,Soure,-0.7167,-48.5233,78.42,87,87,8.52,BR,1642975552,south
36,Kangaatsiaq,68.3065,-53.4641,9.61,94,100,10.0,GL,1642975553,north
37,Cabo San Lucas,22.8909,-109.9124,74.61,70,95,1.99,MX,1642975289,north
38,Laas,46.6166,10.7002,32.36,61,2,5.68,IT,1642975554,north
39,Hermanus,-34.4187,19.2345,68.9,96,43,6.58,ZA,1642975554,south
40,Caravelas,-17.7125,-39.2481,76.17,81,37,4.38,BR,1642975555,south
41,Wilmington,34.2257,-77.9447,44.51,69,0,5.75,US,1642975288,north
42,Nikolskoye,59.7035,30.7861,27.88,94,94,8.37,RU,1642975556,north
43,Port Hedland,-20.3167,118.5667,82.45,94,73,3.44,AU,1642975557,south
44,Yellowknife,62.456,-114.3525,-14.71,81,48,5.99,CA,1642975557,north
45,Mar del Plata,-38.0023,-57.5575,78.82,58,0,8.01,AR,1642975558,south
46,Cidreira,-30.1811,-50.2056,78.33,86,37,5.91,BR,1642975559,south
47,Khani,41.9563,42.9566,40.57,72,100,9.26,GE,1642975559,north
48,Port Alfred,-33.5906,26.891,73.09,78,0,21.72,ZA,1642975560,south
49,Kolondiéba,11.0882,-6.8926,73.06,14,1,5.93,ML,1642975561,north
50,Hilo,19.7297,-155.09,79.11,76,32,4.0,US,1642975372,north
51,Grand Gaube,-20.0064,57.6608,79.38,84,56,3.0,MU,1642975562,south
52,La Sarre,48.8002,-79.1996,-10.34,95,100,4.14,CA,1642975563,north
53,Thompson,55.7435,-97.8558,-6.57,87,30,8.23,CA,1642975564,north
54,Jalu,29.0331,21.5482,50.77,64,10,9.01,LY,1642975564,north
55,Kruisfontein,-34.0033,24.7314,69.89,45,0,5.46,ZA,1642975565,south
56,George Town,5.4112,100.3354,78.73,83,20,0.0,MY,1642975304,north
57,Hualmay,-11.0964,-77.6139,74.7,78,78,9.89,PE,1642975566,south
58,Bredasdorp,-34.5322,20.0403,68.29,77,50,9.64,ZA,1642975567,south
59,Guánica,17.9716,-66.908,81.99,71,4,8.99,PR,1642975567,north
60,Buraidah,26.326,43.975,61.95,51,11,10.45,SA,1642975568,north
61,Rikitea,-23.1203,-134.9692,78.51,71,98,15.43,PF,1642975569,south
62,Ust'-Omchug,61.15,149.6333,-37.05,100,92,2.42,RU,1642975569,north
63,Namatanai,-3.6667,152.4333,82.45,75,94,2.77,PG,1642975570,south
64,Zhuhai,22.2769,113.5678,67.05,94,40,3.44,CN,1642975571,north
65,Kavieng,-2.5744,150.7967,82.99,71,49,5.32,PG,1642975572,south
66,Los Llanos de Aridane,28.6585,-17.9182,64.15,94,75,1.99,ES,1642975572,north
67,Samarai,-10.6167,150.6667,83.26,76,72,11.23,PG,1642975573,south
68,Saint-François,46.4154,3.9054,31.48,90,75,3.44,FR,1642975574,north
69,Cherskiy,68.75,161.3,-31.56,96,100,4.21,RU,1642975574,north
70,Tuktoyaktuk,69.4541,-133.0374,2.12,97,98,6.08,CA,1642975322,north
71,Talaya,61.3833,152.75,-35.7,100,100,0.58,RU,1642975576,north
72,Camacha,33.0833,-16.3333,60.53,72,40,5.75,PT,1642975577,north
73,Santa Barbara,34.7333,-120.0343,69.91,32,0,5.75,US,1642975407,north
74,Northam,51.0333,-4.2167,44.02,87,9,7.7,GB,1642975578,north
75,Quang Ngai,15.1167,108.8,69.78,95,12,3.78,VN,1642975580,north
76,New Norfolk,-42.7826,147.0587,68.76,63,96,1.01,AU,1642975580,south
77,Donskoye,45.4552,41.9741,32.13,100,100,3.38,RU,1642975581,north
78,Dunedin,-45.8742,170.5036,56.8,73,99,5.01,NZ,1642975582,south
79,Vaini,-21.2,-175.2,81.12,72,22,10.22,TO,1642975583,south
80,Margate,51.3813,1.3862,42.91,76,97,3.0,GB,1642975583,north
81,Médéa,36.2642,2.7539,32.45,66,18,5.64,DZ,1642975585,north
82,Waipawa,-41.4122,175.5153,68.45,85,100,8.34,NZ,1642975586,south
83,Tarnogskiy Gorodok,60.4997,43.5761,5.43,95,42,7.05,RU,1642975586,north
84,Mubi,10.2676,13.2644,66.02,26,0,4.9,NG,1642975587,north
85,Saint George,37.1041,-113.5841,59.47,31,0,3.0,US,1642975505,north
86,Saint-Philippe,-21.3585,55.7679,80.19,82,36,8.05,RE,1642975588,south
87,Beloha,-25.1667,45.05,73.99,82,95,19.46,MG,1642975589,south
88,Castro,-24.7911,-50.0119,76.98,59,4,0.54,BR,1642975589,south
89,Puerto Ayora,-0.7393,-90.3518,84.16,82,100,9.93,EC,1642975590,south
90,Purranque,-40.9167,-73.1667,67.33,71,91,3.98,CL,1642975590,south
91,Rawson,-43.3002,-65.1023,78.57,25,37,25.79,AR,1642975591,south
92,Okny,47.5404,29.46,22.98,86,73,12.95,UA,1642975592,north
93,Coahuayana Viejo,18.7333,-103.6833,87.28,42,88,6.58,MX,1642975592,north
94,Beringovskiy,63.05,179.3167,-18.49,97,82,5.21,RU,1642975593,north
95,Lata,40.1629,-8.3327,49.82,80,0,3.22,PT,1642975594,north
96,Bethel,41.3712,-73.414,34.16,58,100,3.0,US,1642975594,north
97,Arraial do Cabo,-22.9661,-42.0278,78.66,78,0,21.85,BR,1642975595,south
98,Coquimbo,-29.9533,-71.3436,64.13,77,0,14.97,CL,1642975596,south
99,Straumen,63.8709,11.2999,46.35,82,100,6.38,NO,1642975597,north
100,Mahébourg,-20.4081,57.7,79.25,77,55,7.34,MU,1642975598,south
101,Adeje,28.1227,-16.726,63.7,89,20,3.44,ES,1642975598,north
102,Leh,34.1667,77.5833,6.98,97,100,1.79,IN,1642975599,north
103,La Romana,18.4273,-68.9728,82.76,78,20,5.75,DO,1642975600,north
104,Albury,-36.0833,146.9167,78.73,100,100,5.99,AU,1642975600,south
105,Atuona,-9.8,-139.0333,78.66,76,18,18.68,PF,1642975601,south
106,Krasnoborsk,61.5598,45.934,9.79,93,88,7.7,RU,1642975602,north
107,Grado,43.388,-6.0743,45.05,90,20,3.44,ES,1642975602,north
108,Esso,55.9333,158.7,-7.78,97,61,5.59,RU,1642975603,north
109,Gölköy,40.6875,37.6178,29.61,97,100,3.62,TR,1642975604,north
110,Dikson,73.5069,80.5464,-9.65,100,100,17.18,RU,1642975604,north
111,Gerāsh,27.6652,54.1371,46.49,39,0,2.3,IR,1642975605,north
112,Ucluelet,48.9329,-125.5528,45.09,91,69,1.01,CA,1642975606,north
113,Nome,64.5011,-165.4064,2.16,85,0,0.0,US,1642975606,north
114,Yining,29.0361,114.5636,42.98,93,100,1.86,CN,1642975607,north
115,Ixtapa,20.7,-105.2,78.03,73,100,14.97,MX,1642975607,north
116,Nanortalik,60.1432,-45.2371,22.62,77,100,6.6,GL,1642975608,north
117,Flin Flon,54.7682,-101.865,0.66,85,61,6.58,CA,1642975609,north
118,San Joaquin,37.9333,-121.3011,67.08,57,0,3.44,US,1642975609,north
119,Norman Wells,65.282,-126.8329,5.04,66,100,16.11,CA,1642975610,north
120,Korla,41.7597,86.1469,23.79,58,100,1.03,CN,1642975610,north
121,Hong Kong,22.2855,114.1577,67.95,94,82,4.0,HK,1642975335,north
122,Béziers,43.3476,3.219,38.32,86,0,4.61,FR,1642975612,north
123,Port Lincoln,-34.7333,135.8667,69.73,92,72,8.72,AU,1642975613,south
124,Kalas,18.1667,74.8,57.69,79,6,7.94,IN,1642975613,north
125,Fairbanks,64.8378,-147.7164,12.6,78,0,0.0,US,1642975589,north
126,Natal,-5.795,-35.2094,83.05,74,0,11.5,BR,1642975614,south
127,Kadoma,34.7333,135.5833,43.93,87,100,6.06,JP,1642975615,north
128,Atar,20.5169,-13.0499,74.66,18,98,7.54,MR,1642975616,north
129,Airai,-8.9266,125.4092,61.29,87,100,2.73,TL,1642975617,south
130,Hobart,-42.8794,147.3294,69.12,82,75,4.61,AU,1642975617,south
131,Hambantota,6.1241,81.1185,71.94,100,20,3.44,LK,1642975618,north
132,Kalmunai,7.4167,81.8167,71.67,79,80,3.6,LK,1642975619,north
133,Salinópolis,-0.6136,-47.3561,78.19,88,65,9.22,BR,1642975619,south
134,Jamestown,42.097,-79.2353,25.92,65,100,4.0,US,1642975424,north
135,Saint Paul Harbor,57.79,-152.4072,40.51,87,100,5.75,US,1642975620,north
136,Barrow,71.2906,-156.7887,1.42,78,100,0.0,US,1642975621,north
137,Cape Town,-33.9258,18.4232,69.28,86,19,10.94,ZA,1642975563,south
138,El Ejido,36.7763,-2.8146,52.75,73,89,11.45,ES,1642975622,north
139,Saint-Pierre,-21.3393,55.4781,80.28,69,0,6.91,RE,1642975623,south
140,Ascension,30.2169,-90.9001,58.1,40,3,6.2,US,1642975623,north
141,Hatillo,18.4863,-66.8254,81.86,66,3,1.01,PR,1642975624,north
142,Rocha,-34.4833,-54.3333,74.68,87,98,7.78,UY,1642975625,south
143,Mount Isa,-20.7333,139.5,74.97,100,100,4.61,AU,1642975625,south
144,Severo-Kuril'sk,50.6789,156.125,25.3,74,100,10.78,RU,1642975626,north
145,Port Elizabeth,-33.918,25.5701,72.1,80,0,5.3,ZA,1642975627,south
146,Acapulco de Juárez,16.8634,-99.8901,85.82,58,0,12.66,MX,1642975627,north
147,Say,13.1007,2.3689,69.21,13,0,9.98,NE,1642975628,north
148,Vao,-22.6667,167.4833,77.14,67,8,8.86,NC,1642975628,south
149,Deneysville,-26.8908,28.0971,55.87,67,1,9.1,ZA,1642975629,south
150,Sokoto,13.0609,5.239,68.18,13,0,11.23,NG,1642975630,north
151,Faanui,-16.4833,-151.75,81.19,71,66,16.06,PF,1642975630,south
152,Tiarei,-17.5333,-149.3333,86.02,78,67,13.27,PF,1642975631,south
153,Ahipara,-35.1667,173.1667,69.64,81,100,12.06,NZ,1642975632,south
154,San Fernando,15.0286,120.6898,76.14,90,15,4.74,PH,1642975633,north
155,Stornoway,58.2093,-6.3865,46.92,93,75,8.01,GB,1642975633,north
156,Eyl,7.9803,49.8164,73.74,70,82,14.85,SO,1642975634,north
157,Chui,-33.6971,-53.4616,75.18,94,72,6.44,UY,1642975634,south
158,Pau dos Ferros,-6.1125,-38.2063,82.87,47,81,4.25,BR,1642975635,south
159,Yar-Sale,66.8333,70.8333,3.83,95,69,11.07,RU,1642975636,north
160,Huainan,32.6264,116.9969,33.44,97,100,9.44,CN,1642975636,north
161,Alofi,-19.0595,-169.9187,81.01,75,19,10.83,NU,1642975637,south
162,Cumana,10.4635,-64.1775,77.32,74,9,12.97,VE,1642975638,north
163,Durg,21.1833,81.2833,61.99,54,0,3.91,IN,1642975639,north
164,Avarua,-21.2078,-159.775,78.85,100,75,13.8,CK,1642975640,south
165,Tasiilaq,65.6145,-37.6368,15.96,49,45,11.48,GL,1642975641,north
166,Marabu,4.4148,114.0089,76.05,91,66,2.39,MY,1642975641,north
167,Katsuura,35.1333,140.3,46.18,80,100,14.5,JP,1642975642,north
168,Upernavik,72.7868,-56.1549,-13.36,62,2,5.66,GL,1642975642,north
169,Santana,-0.0583,-51.1817,84.38,79,75,6.91,BR,1642975643,south
170,Bambous Virieux,-20.3428,57.7575,79.21,79,54,7.38,MU,1642975644,south
171,Strelka,58.0728,93.0344,-16.55,100,100,1.1,RU,1642975645,north
172,Vanavara,60.34,102.2797,-9.31,100,100,2.42,RU,1642975645,north
173,Aitape,-3.1374,142.3475,78.48,87,97,3.91,PG,1642975646,south
174,Ulladulla,-35.35,150.4667,70.09,72,96,1.95,AU,1642975646,south
175,Port Hardy,50.6996,-127.4199,39.38,93,100,0.0,CA,1642975647,north
176,Krasnosel'kup,65.7,82.4667,-18.94,100,100,4.07,RU,1642975648,north
177,Turaif,31.6725,38.6637,40.78,67,0,8.59,SA,1642975648,north
178,Manavālakurichi,8.1333,77.3,77.09,79,100,10.76,IN,1642975649,north
179,Kyabé,9.4515,18.9449,77.68,18,8,5.26,TD,1642975650,north
180,Yumen,40.2833,97.2,17.51,55,4,2.21,CN,1642975650,north
181,Inhambane,-23.865,35.3833,76.77,87,98,18.07,MZ,1642975651,south
182,Skjervøy,70.0311,20.9714,43.45,82,100,38.9,NO,1642975652,north
183,Zyryanovsk,49.7386,84.2719,-18.29,99,52,2.06,KZ,1642975652,north
184,Manggar,-2.8833,108.2667,77.52,81,32,6.53,ID,1642975653,south
185,Longyearbyen,78.2186,15.6401,12.04,85,0,10.36,SJ,1642975654,north
186,Shache,38.4167,77.2406,25.74,46,100,2.71,CN,1642975654,north
187,Iralaya,15.0,-83.2333,80.69,76,2,11.16,HN,1642975655,north
188,Saskylakh,71.9167,114.0833,-17.07,100,95,5.03,RU,1642975656,north
189,Dingle,10.9995,122.6711,73.92,94,88,6.98,PH,1642975656,north
190,Rindal,63.0565,9.2124,32.54,76,100,7.9,NO,1642975657,north
191,Ribeira Grande,38.5167,-28.7,60.08,64,16,9.19,PT,1642975658,north
192,Ishigaki,24.3448,124.1572,70.84,79,100,19.44,JP,1642975659,north
193,Khipro,25.8285,69.3772,55.71,35,0,5.17,PK,1642975659,north
194,Jijiga,9.35,42.8,60.39,75,47,5.53,ET,1642975660,north
195,Cervo,43.6702,-7.4101,45.32,76,0,4.12,ES,1642975660,north
196,Pisco,-13.7,-76.2167,77.05,65,0,19.57,PE,1642975402,south
197,Poum,-20.2333,164.0167,80.91,68,97,10.89,NC,1642975662,south
198,Tuy Hoa,13.0833,109.3,70.56,93,22,3.6,VN,1642975662,north
199,Clyde River,70.4692,-68.5914,-13.18,94,100,13.04,CA,1642975633,north
200,Barcelos,41.5388,-8.6151,46.85,74,0,4.05,PT,1642975663,north
201,Vila Velha,-20.3297,-40.2925,80.55,81,40,4.0,BR,1642975664,south
202,Mezhdurechensk,53.6942,88.0603,9.28,96,100,1.07,RU,1642975424,north
203,Coyhaique,-45.5752,-72.0662,59.61,54,75,12.66,CL,1642975665,south
204,São João Nepomuceno,-21.54,-43.0106,71.91,87,2,3.65,BR,1642975394,south
205,Yacuiba,-22.038,-63.6797,84.33,59,80,3.27,BO,1642975667,south
206,Crieff,56.3727,-3.8389,43.81,91,100,8.63,GB,1642975667,north
207,Frutal,-20.0247,-48.9406,78.62,69,73,6.33,BR,1642975668,south
208,Taoudenni,22.6783,-3.9836,66.96,17,64,10.36,ML,1642975399,north
209,Yerbogachën,61.2767,108.0108,-14.78,100,98,4.34,RU,1642975669,north
210,Lagoa,39.05,-27.9833,59.18,63,34,7.45,PT,1642975670,north
211,San Cristobal,7.7669,-72.225,75.38,56,82,1.83,VE,1642975671,north
212,Guerrero Negro,27.9769,-114.0611,66.92,37,73,6.38,MX,1642975573,north
213,Sirte,31.2089,16.5887,53.51,75,100,8.37,LY,1642975672,north
214,St. George's,12.0564,-61.7485,76.84,75,12,10.4,GD,1642975672,north
215,Lorengau,-2.0226,147.2712,81.99,81,90,11.7,PG,1642975673,south
216,Geraldton,-28.7667,114.6,72.01,83,40,16.11,AU,1642975673,south
217,Te Anau,-45.4167,167.7167,54.82,70,76,2.1,NZ,1642975674,south
218,Paamiut,61.994,-49.6678,22.8,72,100,14.83,GL,1642975675,north
219,Forsytheganj,52.6333,29.7333,9.64,97,62,5.3,BY,1642975675,north
220,Riyadh,24.6877,46.7219,51.94,29,3,8.39,SA,1642975626,north
221,Berdigestyakh,62.0989,126.6992,-16.38,100,100,3.24,RU,1642975676,north
222,Caucayá,-0.1934,-74.7819,81.81,72,98,3.76,CO,1642975677,south
223,Shimoda,34.6667,138.95,44.71,82,100,16.22,JP,1642975677,north
224,Aksarka,66.5606,67.7975,0.86,97,63,10.89,RU,1642975678,north
225,Cape Girardeau,37.3834,-89.7168,49.48,59,69,11.7,US,1642975678,north
226,Launceston,-41.45,147.1667,68.61,63,100,4.0,AU,1642975679,south
227,Zyryanka,65.75,150.85,-24.81,98,100,4.88,RU,1642975680,north
228,Ostrovnoy,68.0531,39.5131,29.43,94,100,33.06,RU,1642975680,north
229,Haines Junction,60.7522,-137.5108,30.58,92,94,4.65,CA,1642975681,north
230,Khanbari,27.3747,87.2039,44.6,72,32,5.37,NP,1642975682,north
231,Halifax,44.6453,-63.5724,34.21,74,100,5.99,CA,1642975665,north
232,Voh,-20.9667,164.7,83.03,65,24,4.05,NC,1642975683,south
233,Saint-Joseph,-21.3667,55.6167,79.18,81,24,9.01,RE,1642975684,south
234,Laje,-10.1833,-40.9667,73.76,72,34,4.7,BR,1642975684,south
235,Jumla,29.2747,82.1838,24.21,94,57,5.86,NP,1642975685,north
236,Pathein,16.7833,94.7333,66.07,76,6,3.74,MM,1642975686,north
237,Fort Nelson,58.8053,-122.7002,31.19,96,100,1.01,CA,1642975686,north
238,Qaanaaq,77.484,-69.3632,-4.67,75,100,3.94,GL,1642975688,north
239,Bjørnevatn,69.6672,29.9847,40.62,75,75,28.77,NO,1642975688,north
240,Payson,40.0444,-111.7321,44.02,57,0,5.75,US,1642975689,north
241,Betsiamites,48.9413,-68.646,18.0,74,62,15.28,CA,1642975689,north
242,Kaitangata,-46.2817,169.8464,54.93,68,65,4.29,NZ,1642975690,south
243,Chimoio,-19.1164,33.4833,69.66,100,75,9.8,MZ,1642975691,south
244,Horqueta,-23.3428,-57.0597,103.3,20,54,6.53,PY,1642975691,south
245,Aykhal,66.0,111.5,-10.35,100,84,5.37,RU,1642975692,north
246,That Phanom,16.9364,104.7104,67.39,83,9,4.07,TH,1642975693,north
247,College,64.8569,-147.8028,13.66,78,75,0.0,US,1642975693,north
248,Simao,22.7886,100.9748,44.69,81,3,0.81,CN,1642975694,north
249,Rockwall,32.9001,-96.4003,66.45,33,0,6.91,US,1642975601,north
250,Biak,-0.9131,122.8766,76.41,80,53,3.53,ID,1642975695,south
251,King City,36.2127,-121.126,69.76,29,0,1.77,US,1642975696,north
252,Qasigiannguit,68.8193,-51.1922,14.25,80,100,7.05,GL,1642975696,north
253,Arrondissement de Bastia,42.6667,9.3333,46.29,76,0,3.0,FR,1642975697,north
254,Kīhei,20.785,-156.4656,81.97,69,40,16.11,US,1642975698,north
255,Ponta Delgada,37.7333,-25.6667,59.5,77,20,8.05,PT,1642975698,north
256,Kahului,20.8947,-156.47,81.97,68,40,16.11,US,1642975699,north
257,Benito Juarez,19.385,-99.165,73.22,32,40,1.01,MX,1642975700,north
258,Huarmey,-10.0681,-78.1522,75.0,78,57,10.78,PE,1642975701,south
259,Tevaitoa,-16.7833,-151.5,81.18,68,92,16.44,PF,1642975701,south
260,Dafeng,23.4517,108.5881,56.61,87,100,5.91,CN,1642975702,north
261,Makakilo City,21.3469,-158.0858,80.92,57,75,4.61,US,1642975703,north
262,Puerto Baquerizo Moreno,-0.9,-89.6,77.99,73,20,16.11,EC,1642975704,south
263,Hamilton,39.1834,-84.5333,30.63,72,100,1.01,US,1642975472,north
264,Cape Canaveral,28.4058,-80.6048,58.03,72,40,8.05,US,1642975705,north
265,Arlit,18.7369,7.3853,61.34,20,1,7.47,NE,1642975706,north
266,Faya,18.3851,42.4509,50.52,64,18,2.86,SA,1642975706,north
267,Klaksvík,62.2266,-6.589,40.12,60,100,26.71,FO,1642975707,north
268,Mahina,-17.5065,-149.489,85.77,66,40,16.11,PF,1642975708,south
269,Wum,6.3833,10.0667,68.41,29,5,2.15,CM,1642975708,north
270,Ilulissat,69.2167,-51.1,14.02,57,100,16.11,GL,1642975710,north
271,Gainesville,29.6516,-82.3248,52.07,57,0,1.01,US,1642975447,north
272,Changji,44.0167,87.3167,14.79,92,75,2.24,CN,1642975711,north
273,Honningsvåg,70.9821,25.9704,42.33,75,75,31.07,NO,1642975712,north
274,Vernon,50.2581,-119.2691,33.82,84,58,0.83,CA,1642975713,north
275,Borshchiv,48.8033,26.0435,15.96,94,95,7.61,UA,1642975713,north
276,Hobyo,5.3505,48.5268,77.43,67,100,19.22,SO,1642975714,north
277,Broome,42.2506,-75.833,28.45,80,100,3.0,US,1642975714,north
278,Ancud,-41.8697,-73.8203,63.43,79,79,9.93,CL,1642975715,south
279,Obo,5.3998,26.4869,79.81,26,84,5.23,CF,1642975716,north
280,Causapscal,48.3542,-67.227,14.23,84,100,8.79,CA,1642975716,north
281,Harper,4.375,-7.7169,78.8,84,0,7.76,LR,1642975717,north
282,Kysyl-Syr,63.8986,122.7617,-13.59,99,91,4.25,RU,1642975718,north
283,Mossamedes,-15.1961,12.1522,74.97,86,92,7.94,AO,1642975718,south
284,Amahai,-3.3333,128.9167,78.19,81,98,3.58,ID,1642975719,south
285,Noumea,-22.2763,166.4572,84.18,99,49,6.38,NC,1642975720,south
286,Alappuzha,9.49,76.3264,76.05,78,98,8.99,IN,1642975651,north
287,Flinders,-34.5833,150.8552,74.37,81,98,3.0,AU,1642975721,south
288,Tuatapere,-46.1333,167.6833,57.81,57,56,1.28,NZ,1642975721,south
289,Salinas,36.6777,-121.6555,70.0,34,0,0.0,US,1642975722,north
290,Badou,7.5833,0.6,75.45,23,5,2.66,TG,1642975723,north
291,Acaraú,-2.8856,-40.12,80.69,70,40,16.8,BR,1642975724,south
292,Quatre Cocos,-20.2078,57.7625,79.09,80,58,8.05,MU,1642975724,south
293,Nicosia,35.1667,33.3667,45.28,61,40,6.91,CY,1642975649,north
294,Kenai,60.5544,-151.2583,33.85,94,100,6.91,US,1642975726,north
295,Mirny,62.5353,113.9611,-13.77,75,82,4.0,RU,1642975726,north
296,Lebu,-37.6167,-73.65,63.72,76,1,10.36,CL,1642975727,south
297,Karratha,-20.7377,116.8463,81.46,78,69,9.24,AU,1642975728,south
298,São Filipe,14.8961,-24.4956,75.04,70,100,13.0,CV,1642975728,north
299,Taguatinga,-12.3857,-46.5711,75.94,83,76,3.24,BR,1642975730,south
300,Vila Franca do Campo,37.7167,-25.4333,59.2,70,26,6.55,PT,1642975730,north
301,Provideniya,64.3833,-173.3,12.36,85,100,6.71,RU,1642975731,north
302,Acarí,-15.4311,-74.6158,77.79,72,69,9.33,PE,1642975732,south
303,Hithadhoo,-0.6,73.0833,81.99,67,38,16.31,MV,1642975733,south
304,Wanning,18.8003,110.3967,71.46,92,82,5.44,CN,1642975734,north
305,Bowen,-20.0167,148.2333,80.73,64,79,7.14,AU,1642975734,south
306,Epanomí,40.4264,22.9286,34.34,51,20,13.8,GR,1642975735,north
307,Tilichiki,60.4667,166.1,-19.55,86,77,7.09,RU,1642975696,north
308,Ingham,42.6,-84.3833,17.78,62,100,5.75,US,1642975736,north
309,Praia,14.9215,-23.5087,73.94,73,75,16.11,CV,1642975737,north
310,Luganville,-15.5333,167.1667,84.67,73,100,2.66,VU,1642975737,south
311,Mehamn,71.0357,27.8492,42.75,65,0,41.43,NO,1642975738,north
312,Birjand,32.8663,59.2211,35.82,26,0,1.61,IR,1642975739,north
313,San Isidro,-12.1167,-77.05,76.59,65,0,8.05,PE,1642975739,south
314,Ugoofaaru,5.6667,73.0,81.18,60,86,9.78,MV,1642975740,north
315,Olafsvik,64.8945,-23.7142,27.18,59,100,20.85,IS,1642975740,north
316,Tautira,-17.7333,-149.15,86.02,79,78,15.28,PF,1642975741,south
317,Guarapari,-20.6667,-40.4975,80.49,80,46,8.01,BR,1642975742,south
318,Wagar,16.1525,36.2032,68.74,63,2,14.54,SD,1642975742,north
319,Tartous,34.889,35.8866,52.09,73,98,17.98,SY,1642975743,north
320,Skibbereen,51.55,-9.2667,46.2,87,100,9.69,IE,1642975744,north
321,Kawalu,-7.3817,108.2082,72.19,96,91,1.66,ID,1642975745,south
322,Alyangula,-13.8483,136.4192,81.75,81,100,5.88,AU,1642975745,south
323,Chapais,49.7834,-74.8492,-9.62,97,100,3.27,CA,1642975746,north
324,Wanlaweyn,2.6185,44.8938,75.31,68,74,15.86,SO,1642975747,north
325,Amapá,1.0,-52.0,73.2,97,84,2.77,BR,1642975748,north
326,Laguna,38.421,-121.4238,67.84,60,0,3.0,US,1642975748,north
327,Chara,56.9064,118.2631,-13.5,78,11,1.5,RU,1642975749,north
328,Solnechnyy,50.7214,136.6319,-13.97,96,28,3.74,RU,1642975750,north
329,Green River,41.5286,-109.4662,45.16,52,2,15.32,US,1642975750,north
330,Saint Paul,44.9444,-93.0933,8.56,63,100,3.0,US,1642975588,north
331,Denpasar,-8.65,115.2167,82.06,78,40,16.11,ID,1642975751,south
332,Ayan,56.45,138.1667,4.75,65,68,14.38,RU,1642975752,north
333,Auki,-8.7676,160.7034,84.34,74,100,7.78,SB,1642975753,south
334,Raja,8.4596,25.678,72.14,25,5,5.23,SS,1642975753,north
335,Nizhneivkino,58.194,49.5214,2.26,100,100,3.04,RU,1642975754,north
336,Port Macquarie,-31.4333,152.9167,69.76,83,92,7.92,AU,1642975755,south
337,Zhigansk,66.7697,123.3711,-7.08,98,100,11.88,RU,1642975755,north
338,Nishifukuma,33.7667,130.4667,48.29,76,100,22.55,JP,1642975756,north
339,Simplício Mendes,-7.8539,-41.9103,80.22,55,92,2.39,BR,1642975757,south
340,Husavik,66.0449,-17.3389,20.34,68,54,19.08,IS,1642975757,north
341,Nemuro,43.3236,145.575,26.13,64,100,5.7,JP,1642975758,north
342,Champerico,14.3,-91.9167,93.74,62,1,11.27,GT,1642975759,north
343,Mana,5.6592,-53.7767,76.26,86,39,9.17,GF,1642975759,north
344,Lompoc,34.6391,-120.4579,76.69,52,0,9.22,US,1642975760,north
345,Deputatsky,69.3,139.9,-21.39,98,99,5.32,RU,1642975761,north
346,Mitsamiouli,-11.3847,43.2844,80.42,82,100,24.52,KM,1642975761,south
347,Kattivākkam,13.2167,80.3167,80.08,86,34,7.54,IN,1642975762,north
348,Sioux Lookout,50.1001,-91.917,-0.78,88,99,5.21,CA,1642975763,north
349,Kangasala,61.4638,24.076,30.97,100,82,9.06,FI,1642975763,north
350,Santiago de Cao,-7.9589,-79.2392,69.93,83,40,12.66,PE,1642975764,south
351,Heinola,61.2056,26.0381,32.09,98,100,7.7,FI,1642975764,north
352,Keti Bandar,24.1447,67.4497,61.36,39,0,4.52,PK,1642975765,north
353,Robertsport,6.7533,-11.3686,80.6,79,3,9.22,LR,1642975766,north
354,Touros,-5.1989,-35.4608,83.3,73,7,11.52,BR,1642975732,south
355,San Policarpo,12.1791,125.5072,78.4,88,100,9.73,PH,1642975767,north
356,Matagami,49.7502,-77.6328,-7.49,64,40,6.91,CA,1642975768,north
357,Nishihara,26.1842,127.7558,69.08,88,75,13.8,JP,1642975769,north
358,Liverpool,53.4106,-2.9779,40.68,86,100,4.0,GB,1642975769,north
359,Pilot Butte,50.4668,-104.4178,35.65,87,100,23.02,CA,1642975770,north
360,Monastyrshchina,54.3496,31.838,-1.1,100,98,4.94,RU,1642975771,north
361,North Platte,41.1239,-100.7654,55.38,34,100,7.0,US,1642975771,north
362,Kiryat Gat,31.61,34.7642,51.4,100,100,5.46,IL,1642975630,north
363,Isangel,-19.55,169.2667,85.46,69,21,1.81,VU,1642975772,south
364,Kurumkan,54.3,110.3,-0.27,88,99,2.15,RU,1642975773,north
365,Santa Rita do Sapucaí,-22.2522,-45.7033,71.01,89,43,1.99,BR,1642975774,south
366,San Jose,37.3394,-121.895,68.25,42,20,3.44,US,1642975620,north
367,Yangi Marg`ilon,40.4272,71.7189,36.32,80,75,2.3,UZ,1642975775,north
368,Avera,33.194,-82.5271,54.28,41,0,9.4,US,1642975775,north
369,Soyo,-6.1349,12.3689,76.8,84,25,7.58,AO,1642975776,south
370,Fortuna,40.5982,-124.1573,70.93,53,0,1.01,US,1642975777,north
371,Sitka,57.0531,-135.33,39.09,93,100,4.61,US,1642975756,north
372,Rabo de Peixe,37.8,-25.5833,58.28,95,20,8.05,PT,1642975778,north
373,Naze,28.3667,129.4833,61.72,86,96,11.1,JP,1642975779,north
374,Itupiranga,-5.1347,-49.3267,82.72,90,56,2.53,BR,1642975671,south
375,Sindor,62.8629,51.8905,7.11,98,95,5.46,RU,1642975780,north
376,Den Helder,52.9599,4.7593,44.02,82,100,5.99,NL,1642975780,north
377,Ous,60.9058,61.5186,4.84,97,100,1.99,RU,1642975781,north
378,Evensk,61.95,159.2333,-17.48,80,80,7.0,RU,1642975782,north
379,Clovis,36.8252,-119.7029,72.12,48,0,1.99,US,1642975680,north
380,Sauce,-34.6469,-56.0628,76.62,79,96,6.96,UY,1642975783,south
381,Weligama,5.9667,80.4167,72.81,88,100,3.42,LK,1642975783,north
382,Honiara,-9.4333,159.95,84.92,74,52,5.88,SB,1642975699,south
383,Wewak,-3.5534,143.6268,79.7,83,100,1.01,PG,1642975785,south
384,Krasnaya Yaruga,50.8008,35.6583,19.51,94,80,13.29,RU,1642975786,north
385,Mokhsogollokh,61.4681,128.9203,-10.88,98,100,3.65,RU,1642975786,north
386,Almaznyy,48.0448,40.045,24.94,98,100,12.59,RU,1642975787,north
387,Grafton,42.207,-71.6856,31.84,48,20,8.05,US,1642975557,north
388,Arman',59.7,150.1667,-10.32,83,36,8.7,RU,1642975788,north
389,Kedrovyy,56.1667,91.8167,-1.79,99,98,2.33,RU,1642975789,north
390,Merauke,-8.4667,140.3333,79.66,86,99,8.01,ID,1642975789,south
391,Roald,62.5833,6.1333,47.34,76,75,31.07,NO,1642975790,north
392,Mineros,-17.1167,-63.2333,85.59,83,26,5.44,BO,1642975791,south
393,Westport,41.1415,-73.3579,35.98,51,100,1.01,US,1642975565,north
394,Virtsu,58.5716,23.5115,35.58,94,76,13.73,EE,1642975792,north
395,Matamoros,25.5333,-103.25,71.71,41,75,5.75,MX,1642975707,north
396,Chokurdakh,70.6333,147.9167,-19.52,99,100,6.4,RU,1642975770,north
397,Hue,16.4667,107.6,71.71,94,40,2.3,VN,1642975793,north
398,Padang,-0.9492,100.3543,76.28,86,92,3.78,ID,1642975794,south
399,Cortez,37.3489,-108.5859,49.03,36,0,8.05,US,1642975794,north
400,Carnarvon,-24.8667,113.6333,78.87,65,7,19.57,AU,1642975795,south
401,Puerto Suárez,-18.95,-57.8,92.37,40,49,4.9,BO,1642975796,south
402,Mattoon,39.4831,-88.3728,28.35,50,75,11.5,US,1642975796,north
403,Belaya Gora,68.5333,146.4167,-34.04,100,99,3.91,RU,1642975797,north
404,Jérémie,18.65,-74.1167,77.58,80,33,5.88,HT,1642975798,north
405,Stephenville,32.2207,-98.2023,65.25,40,0,12.66,US,1642975798,north
406,Shaoguan,24.8,113.5833,52.41,83,100,3.0,CN,1642975799,north
407,Manzanillo,20.3433,-77.1167,83.71,50,7,9.24,CU,1642975800,north
408,Pangnirtung,66.1451,-65.7125,-7.8,78,100,7.74,CA,1642975802,north
409,Xinyu,27.8043,114.9334,42.94,90,100,4.81,CN,1642975803,north
410,Puerto Nariño,-3.7703,-70.3831,84.15,87,99,3.09,CO,1642975803,south
411,Havre-St-Pierre,50.2334,-63.5986,20.39,72,67,11.97,CA,1642975804,north
412,Matara,5.9485,80.5353,72.46,89,100,3.74,LK,1642975805,north
413,Saldanha,-33.0117,17.9442,66.02,97,57,18.14,ZA,1642975805,south
414,Morondava,-20.2833,44.2833,85.21,58,99,16.53,MG,1642975806,south
415,Srandakan,-7.9386,110.2506,76.6,88,89,7.87,ID,1642975807,south
416,San Juan,-31.5375,-68.5364,91.8,27,31,15.03,AR,1642975807,south
417,Sur,22.5667,59.5289,67.39,58,0,13.11,OM,1642975808,north
418,Boende,-0.2167,20.8667,77.56,68,98,2.64,CD,1642975808,south
419,High Level,58.5169,-117.136,6.73,93,100,4.05,CA,1642975707,north
420,Maragogi,-9.0122,-35.2225,80.47,69,42,12.73,BR,1642975810,south
421,Ubinskoye,55.3068,79.6802,-14.21,100,62,3.85,RU,1642975810,north
422,Port Blair,11.6667,92.75,75.43,74,20,2.3,IN,1642975811,north
423,Ca Mau,9.1769,105.15,72.05,91,0,1.45,VN,1642975811,north
424,Puerto Escondido,15.85,-97.0667,83.23,65,20,6.91,MX,1642975812,north
425,Chalon-sur-Saône,46.7833,4.85,33.98,94,1,1.3,FR,1642975813,north
426,Bariloche,-41.1456,-71.3082,58.75,58,75,23.02,AR,1642975813,south
427,Souillac,-20.5167,57.5167,78.37,75,64,7.94,MU,1642975814,south
428,Uglekamensk,43.2172,133.2303,1.8,96,6,4.45,RU,1642975814,north
429,Yeppoon,-23.1333,150.7333,76.78,67,96,8.46,AU,1642975815,south
430,Hailey,43.5196,-114.3153,13.86,92,0,8.05,US,1642975774,north
431,Sibolga,1.7427,98.7792,75.02,87,85,3.09,ID,1642975636,north
432,Ruidoso,33.3317,-105.673,43.75,44,100,0.0,US,1642975817,north
433,Markova,48.6758,24.4138,13.73,98,100,2.93,UA,1642975817,north
434,Bago,17.3367,96.4797,71.73,64,8,2.62,MM,1642975818,north
435,Tiksi,71.6872,128.8694,-6.38,100,100,3.36,RU,1642975819,north
436,Ulaanbaatar,47.9077,106.8832,-9.27,77,75,2.24,MN,1642975548,north
437,Caraballeda,10.6112,-66.8522,78.53,77,19,10.76,VE,1642975820,north
438,Zhezkazgan,47.8043,67.7144,8.17,98,98,5.46,KZ,1642975820,north
439,Mamlyutka,54.9375,68.5394,-12.15,100,63,3.44,KZ,1642975821,north
440,Bullhead City,35.1478,-114.5683,71.02,20,0,27.63,US,1642975608,north
441,Pinillos,8.9193,-74.4677,89.1,56,63,4.07,CO,1642975822,north
442,Sinnamary,5.3833,-52.95,76.3,88,23,8.52,GF,1642975823,north
443,Khor,47.8861,134.9464,-19.86,100,100,2.13,RU,1642975823,north
444,Praia,14.9215,-23.5087,73.94,73,75,16.11,CV,1642975824,north
445,Alta Floresta,-9.8756,-56.0861,75.24,93,92,2.86,BR,1642975825,south
446,Simpang,-1.2667,104.0833,73.58,90,99,0.76,ID,1642975825,south
447,Cairns,-16.9167,145.7667,82.35,84,100,10.36,AU,1642975689,south
448,Ocampo,21.65,-101.5,69.28,34,86,12.68,MX,1642975827,north
449,Birin,26.8865,88.0718,41.07,76,40,4.0,NP,1642975828,north
450,Shar,49.5886,81.0453,-14.26,100,37,2.13,KZ,1642975828,north
451,Guangshui,31.6199,113.9978,34.11,96,100,7.49,CN,1642975829,north
452,Presidencia Roque Sáenz Peña,-26.7852,-60.4388,105.21,21,65,9.15,AR,1642975829,south
453,Ambon City,-3.6954,128.1814,75.34,94,20,4.61,ID,1642975830,south
454,Norsup,-16.0667,167.3833,85.33,71,89,5.12,VU,1642975831,south
455,Port Augusta,-32.5,137.7667,76.71,64,3,12.59,AU,1642975831,south
456,Urbano Santos,-3.2078,-43.4036,78.01,85,98,5.28,BR,1642975832,south
457,Bondoukou,8.0333,-2.8,77.09,16,5,2.59,CI,1642975833,north
458,Vardø,70.3705,31.1107,41.2,75,0,27.63,NO,1642975833,north
459,Seoul,37.5683,126.9778,34.99,77,11,3.87,KR,1642975801,north
460,Bengkulu,-3.8004,102.2655,75.06,89,75,4.0,ID,1642975834,south
461,Bonthe,7.5264,-12.505,78.62,77,16,6.8,SL,1642975835,north
462,Srednekolymsk,67.45,153.6833,-27.74,98,100,6.64,RU,1642975836,north
463,North Bend,43.4065,-124.2243,63.07,100,6,2.68,US,1642975831,north
464,Kutum,14.2,24.6667,59.49,14,9,7.4,SD,1642975837,north
465,Okha,53.5739,142.9478,-5.03,94,24,12.26,RU,1642975837,north
466,Banjar,-8.19,114.9675,82.26,91,73,3.36,ID,1642975838,south
467,Soe,-9.8607,124.284,66.43,85,99,4.27,ID,1642975839,south
468,Lucapa,-8.4192,20.7447,64.08,96,18,0.31,AO,1642975839,south
469,Sri Aman,1.2376,111.4621,72.3,100,100,0.34,MY,1642975840,north
470,Naryan-Mar,67.6713,53.087,12.45,89,100,19.89,RU,1642975841,north
471,Angoram,-4.0625,144.0661,75.85,97,100,2.53,PG,1642975841,south
472,Itoman,26.1247,127.6694,69.82,88,75,13.8,JP,1642975842,north
473,Leningradskiy,69.3833,178.4167,-16.15,95,100,5.44,RU,1642975843,north
474,Vestmanna,62.1564,-7.1664,38.32,65,75,24.16,FO,1642975843,north
475,Shelton,41.3165,-73.0932,35.24,55,40,1.01,US,1642975844,north
476,Nara,34.6851,135.8049,42.26,87,100,3.15,JP,1642975845,north
477,Talnakh,69.4865,88.3972,-4.59,100,100,4.97,RU,1642975845,north
478,Hofn,64.2539,-15.2082,33.53,51,16,10.27,IS,1642975846,north
479,Urucará,-2.5364,-57.76,76.05,94,98,0.74,BR,1642975846,south
480,Moyo,3.6609,31.7247,77.16,30,62,2.91,UG,1642975847,north
481,Bulgan,48.8125,103.5347,3.4,97,100,1.95,MN,1642975848,north
482,Poya,-21.35,165.15,82.22,68,37,2.98,NC,1642975848,south
483,Loandjili,-4.7561,11.8578,76.69,88,33,6.42,CG,1642975849,south
484,Rio Grande,-32.035,-52.0986,82.94,87,99,3.89,BR,1642975850,south
485,Issoire,45.55,3.25,33.06,88,0,4.59,FR,1642975850,north
486,Forestville,38.8451,-76.875,38.25,48,0,6.91,US,1642975709,north
487,Sola,-13.8833,167.55,83.86,76,94,14.47,VU,1642975851,south
488,Ngama,11.7833,17.1667,68.88,15,20,10.27,TD,1642975852,north
489,Sovetskaya Gavan',48.9723,140.2878,0.59,84,5,6.11,RU,1642975853,north
490,Port Hueneme,34.1478,-119.1951,77.92,21,0,10.36,US,1642975853,north
491,Jaisalmer,26.9147,70.9181,55.26,34,0,5.3,IN,1642975854,north
492,Qaqortoq,60.7167,-46.0333,23.5,75,100,10.96,GL,1642975855,north
493,Livramento,-3.0254,-60.1803,84.88,74,40,5.75,BR,1642975855,south
494,Pevek,69.7008,170.3133,-12.51,96,100,18.25,RU,1642975856,north
495,Praia da Vitória,38.7333,-27.0667,56.75,84,63,6.8,PT,1642975857,north
496,San Patricio,28.017,-97.5169,59.41,43,100,4.56,US,1642975858,north
497,Kozan,37.4552,35.8157,36.5,85,46,9.15,TR,1642975858,north
498,Alice Springs,-23.7,133.8833,78.35,83,51,0.0,AU,1642975770,south
499,Watertown,42.3709,-71.1828,33.39,48,40,1.99,US,1642975698,north
500,Mumford,5.2618,-0.759,78.71,85,6,4.03,GH,1642975860,north
501,Ketchikan,55.3422,-131.6461,45.07,93,100,8.05,US,1642975563,north
502,Lüderitz,-26.6481,15.1594,77.29,61,63,11.63,NA,1642975861,south
503,Kailua,21.4022,-157.7394,82.38,72,100,11.5,US,1642975862,north
504,Palu,-0.8917,119.8707,75.33,95,100,2.37,ID,1642975862,south
505,Buchanan,5.8808,-10.0467,75.16,82,11,6.96,LR,1642975863,north
506,Miguel Auza,24.2933,-103.4503,70.18,21,18,19.35,MX,1642975863,north
507,Corner Brook,48.9667,-57.9484,27.21,96,96,4.12,CA,1642975864,north
508,Poronaysk,49.2167,143.1167,-5.04,92,52,4.97,RU,1642975865,north
509,Biltine,14.5333,20.9167,69.22,13,1,8.48,TD,1642975865,north
510,Araouane,18.9048,-3.5265,64.85,12,2,12.5,ML,1642975866,north
511,Iquique,-20.2208,-70.1431,71.64,82,87,5.19,CL,1642975835,south
512,Corn Island,12.1694,-83.0418,79.88,75,16,15.66,NI,1642975867,north
513,Leeuwarden,53.2014,5.8086,42.98,90,100,3.44,NL,1642975868,north
514,Puerto Ayacucho,5.6639,-67.6236,87.46,52,92,4.23,VE,1642975868,north
515,Bilibino,68.0546,166.4372,-28.48,96,100,4.29,RU,1642975869,north
516,Yetkul',54.8221,61.588,-5.03,94,74,5.1,RU,1642975870,north
517,Alihe,50.5667,123.7167,-7.08,98,76,3.09,CN,1642975870,north
518,Bang Saphan,11.2126,99.5117,69.84,86,37,3.96,TH,1642975871,north
519,Smidovich,48.6,133.8167,-29.16,100,82,1.52,RU,1642975872,north
520,Guarujá,-23.9931,-46.2564,86.16,26,75,1.99,BR,1642975872,south
521,San Quintín,30.4833,-115.95,65.5,39,2,8.37,MX,1642975873,north
522,Nong Bua,15.8646,100.5858,75.88,59,96,0.89,TH,1642975874,north
523,Kalāleh,37.3807,55.4916,39.92,47,0,9.98,IR,1642975874,north
524,Teykovo,56.858,40.5369,-2.85,100,100,1.57,RU,1642975875,north
525,Conde,-7.2597,-34.9075,78.26,83,0,4.61,BR,1642975876,south
526,Santiago del Estero,-27.7951,-64.2615,92.35,47,99,11.12,AR,1642975876,south
527,Locri,38.2414,16.2623,51.71,66,4,9.73,IT,1642975877,north
528,Aksu,41.1231,80.2644,24.37,56,100,2.42,CN,1642975878,north
529,Bosaso,11.2842,49.1816,71.55,72,30,2.71,SO,1642975879,north
530,Damāvand,35.7178,52.065,22.84,30,0,6.38,IR,1642975879,north
531,Yakeshi,49.2833,120.7333,-12.05,98,100,2.86,CN,1642975880,north
532,Port Moresby,-9.4431,147.1797,79.23,81,91,4.59,PG,1642975881,south
533,Bac Lieu,9.285,105.7244,73.76,89,0,3.91,VN,1642975881,north
534,Plettenberg Bay,-34.0527,23.3716,73.49,52,0,8.79,ZA,1642975882,south
535,Whitehorse,60.7161,-135.0538,31.8,80,86,0.81,CA,1642975882,north
536,Rundu,-17.9333,19.7667,65.3,71,57,4.68,NA,1642975883,south
537,Poddor'ye,57.4695,31.1156,11.05,95,76,6.51,RU,1642975884,north
538,Ilo,-17.6394,-71.3375,72.3,77,87,6.33,PE,1642975884,south
539,Kashgar,39.4547,75.9797,32.25,50,55,1.07,CN,1642975885,north
540,Kloulklubed,7.0419,134.2556,83.07,79,47,18.25,PW,1642975886,north
541,Alenquer,-1.9417,-54.7383,80.94,83,98,4.0,BR,1642975887,south
542,Nakhon Phanom,17.3333,104.4167,66.87,81,19,2.15,TH,1642975887,north
543,Bayonet Point,28.3267,-82.6834,55.09,76,3,4.0,US,1642975662,north
544,Port-Cartier,50.0334,-66.8654,10.74,87,99,8.59,CA,1642975888,north
545,Calabozo,8.9242,-67.4293,91.38,29,24,4.99,VE,1642975889,north
546,Nyurba,63.2842,118.3319,-6.95,98,86,6.17,RU,1642975770,north
547,Millburn,40.7244,-74.3069,36.88,54,100,1.01,US,1642975890,north
548,Katangli,51.7102,143.2326,-5.31,93,11,11.72,RU,1642975891,north
549,Santiago,-33.4569,-70.6483,87.28,24,0,9.22,CL,1642975682,south
550,Luang Prabang,19.8856,102.1347,55.94,81,1,0.74,LA,1642975892,north
551,Al Bardīyah,31.7561,25.0865,50.23,54,62,11.86,LY,1642975893,north
552,Ullapool,57.8987,-5.1604,49.35,81,99,22.73,GB,1642975894,north
553,Qui Nhon,13.7667,109.2333,71.2,92,35,4.81,VN,1642975894,north
554,Cockburn Town,21.4612,-71.1419,78.1,75,0,10.92,TC,1642975895,north
555,Weihe,32.9952,105.3247,33.6,87,72,2.13,CN,1642975896,north
556,Samarina,57.8878,27.8054,22.89,95,97,8.79,RU,1642975896,north
557,La Ronge,55.1001,-105.2842,4.95,92,100,5.48,CA,1642975897,north
558,Key West,24.5557,-81.7826,69.8,64,40,13.8,US,1642975898,north
559,Lumding,25.7535,93.1732,57.45,93,99,2.37,IN,1642975898,north
560,Dzilam González,21.2833,-88.9333,75.58,70,54,9.98,MX,1642975899,north
561,Vodnyy,63.5046,53.4095,10.69,95,96,6.35,RU,1642975900,north
562,Likhoy,48.1266,40.2056,30.43,98,100,13.58,RU,1642975900,north
563,Batagay-Alyta,67.8006,130.4114,-12.26,90,100,1.52,RU,1642975901,north
564,Kyzyl,51.7,94.45,-15.12,99,96,1.25,RU,1642975901,north
565,Suamico,44.6319,-88.0393,14.77,60,0,1.99,US,1642975727,north
566,Ürümqi,43.801,87.6005,11.35,92,75,2.24,CN,1642975903,north
567,Iqaluit,63.7506,-68.5145,-18.35,94,100,2.19,CA,1642975903,north
568,Sinjār,36.3209,41.8754,38.37,63,97,10.07,IQ,1642975904,north
569,Kavaratti,10.5669,72.642,79.65,63,8,11.65,IN,1642975904,north
570,Sumbuya,7.6467,-11.9611,74.03,83,5,3.09,SL,1642975905,north
571,Trofors,65.5333,13.4063,44.47,94,100,38.65,NO,1642975906,north
572,Aklavik,68.2191,-135.0107,2.01,98,96,4.88,CA,1642975907,north
573,Owando,-0.4819,15.8999,77.54,57,99,2.73,CG,1642975907,south
574,Elliot Lake,46.3834,-82.6331,5.27,83,71,6.55,CA,1642975908,north
575,Gobabis,-22.45,18.9667,67.28,44,17,15.32,NA,1642975909,south
